category,total_quantity,total_value,average_price,average_discount,average_rating,unique_products,unique_customers,value_per_quantity
vehicle,60,1682064.0568579999,31421.042631578952,9.21263157894737,3.561578947368421,5,19,28034.40094763333
motorcycle,84,609460.643142,7608.685652173913,9.875217391304348,3.8439130434782607,5,22,7255.4838469285705
mens-watches,72,593063.872028,9344.22076923077,7.953461538461538,3.5442307692307695,6,24,8236.99822261111
womens-watches,45,249189.514684,6496.101111111111,13.140555555555556,3.533888888888889,5,17,5537.544770755556
laptops,56,85006.273372,1674.99,7.911250000000001,3.734375,5,16,1517.9691673571429
furniture,73,77674.978531,1245.4445454545455,11.047727272727274,3.9904545454545453,5,21,1064.0408017945206
smartphones,177,73131.02033,440.8233333333334,12.1405,3.8345,13,52,413.1696063841808
mobile-accessories,198,26160.997798,149.81857142857143,14.127142857142857,3.7881428571428573,14,61,132.1262515050505
tablets,40,14890.170949,439.27571428571434,12.301428571428572,3.6642857142857146,3,13,372.25427372499996
mens-shoes,75,8278.918027,113.90304347826087,3.652173913043478,4.740869565217392,5,22,110.38557369333333
womens-bags,62,5849.903029,136.65666666666667,13.155238095238095,3.1961904761904765,5,20,94.35327466129033
kitchen-accessories,361,5714.373778,18.83033613445378,9.415798319327731,3.8274789915966383,30,94,15.829290243767314
fragrances,64,4958.043345,87.07333333333332,10.563333333333334,3.885,5,22,77.469427265625
womens-dresses,49,4064.12402,100.51631578947368,16.12421052631579,4.3315789473684205,5,19,82.94130653061225
sports-accessories,169,3776.678228,24.040000000000003,9.239,3.978666666666667,17,51,22.347208449704144
home-decoration,81,2747.317909,37.49,9.290714285714285,3.6332142857142857,5,26,33.91750504938271
tops,77,2233.266111,33.39,14.158399999999999,3.8168,4,25,29.003455987012988
groceries,354,1881.453669,5.697079646017699,9.576371681415928,3.7943362831858405,27,94,5.314840872881356
womens-shoes,48,1538.641067,35.656666666666666,11.41,3.008666666666666,4,13,32.05502222916667
sunglasses,57,1509.410232,26.99,4.656470588235295,3.7276470588235293,5,17,26.480881263157894
mens-shirts,57,1357.655552,27.411052631578944,10.703684210526315,3.0926315789473686,5,18,23.81851845614035
womens-jewellery,42,906.378058,24.220769230769232,10.752307692307692,3.885384615384616,3,12,21.580429952380953
beauty,70,821.850009,14.337826086956522,12.700000000000001,3.6469565217391304,5,22,11.740714414285714
skin-care,46,430.255434,10.75923076923077,15.09769230769231,3.58,3,13,9.353379
